target,feature,block,hgb_importance,perm_importance_mean,perm_importance_std
is_hit,p_roll_hit_allowed_10,pitcher_rolling,0.0,0.162149114584607,0.008486931659376248
is_hit,in_zone,context,0.0,0.04533457680015154,0.004450415181569108
is_hit,pitch_count,context,0.0,0.035461174039166134,0.002314236291526138
is_hit,p_roll_k_10,pitcher_rolling,0.0,0.0063872126690522665,0.0008451674426432171
is_hit,p_roll_hit_allowed_30,pitcher_rolling,0.0,0.004952539054186467,0.0006281299367082159
is_hit,times_thru_order,context,0.0,0.004880199715442712,0.0007035678676240706
is_hit,p_roll_bb_10,pitcher_rolling,0.0,0.00217027072799425,0.0003680640848464368
is_hit,roll_k_rate_100,batter_rolling,0.0,0.0008264118510630025,0.0003083056891526754
is_hit,bpt_ev_vs_fastball,batter_pitch_type,0.0,0.0007981779996034444,0.0001450327401572754
is_hit,p_roll_k_30,pitcher_rolling,0.0,0.0007945327308905403,0.00030853084744135765
is_hit,bpt_ev_vs_rhp,batter_pitch_type,0.0,0.0007268122419445078,0.00016106393349343137
is_hit,cum_career_ba_vs_lhp,batter_career_splits,0.0,0.00050449613329826,0.0002491444225198107
is_hit,cum_career_hr_vs_rhp,batter_career_splits,0.0,0.0004876961992301698,0.00022681227691331615
is_hit,bpt_whiff_vs_fastball,batter_pitch_type,0.0,0.0004670019408226977,0.00041821774075708867
is_hit,bpt_ba_vs_breaking,batter_pitch_type,0.0,0.00045962083771458053,0.00013348201447390925
is_hit,roll_ev_100,batter_rolling,0.0,0.00038979469665487707,0.00010455744285075823
is_hit,bpt_whiff_vs_offspeed,batter_pitch_type,0.0,0.00037865511773096385,0.00027613121763465123
is_hit,cum_career_ba_vs_rhp,batter_career_splits,0.0,0.00022890476203427657,0.0005123976884410736
is_hit,pitcher_rest_days,context,0.0,0.00022016517369145562,0.00015199360173348024
is_hit,roll_la_30,batter_rolling,0.0,0.00021117652972240107,0.00026343523535753274
is_hit,roll_ba_100,batter_rolling,0.0,0.00021104068119894847,0.00047406987580526493
is_hit,roll_hr_rate_100,batter_rolling,0.0,0.00016095785888246006,9.716758669829555e-05
is_hit,roll_ev_10,batter_rolling,0.0,0.0001401277519515576,0.0001826442490253476
is_hit,p_pct_breaking,pitcher_profile,0.0,0.00013283721452574948,0.00036364421184095216
is_hit,p_roll_bb_30,pitcher_rolling,0.0,0.0001324523103759301,0.00015988413523214704
is_hit,cum_career_hr_vs_lhp,batter_career_splits,0.0,0.00010743354063829092,0.00026300144912823055
is_hit,bvp_pa_count,bvp_matchup,0.0,0.00010546373704811707,9.712540302918277e-05
is_hit,roll_la_10,batter_rolling,0.0,9.844489666921419e-05,9.257577132372276e-05
is_hit,p_pfx_x_breaking,pitcher_profile,0.0,7.994685605778873e-05,0.00018479799870378265
is_hit,roll_bb_rate_100,batter_rolling,0.0,6.314692198954308e-05,0.0003497624006320039
is_hit,pitcher_age,context,0.0,4.996961521370746e-05,5.478127151524077e-05
is_hit,roll_ev_30,batter_rolling,0.0,3.0203655049887422e-05,0.00030138518224593697
is_hit,bpt_whiff_vs_breaking,batter_pitch_type,0.0,2.7260270374873664e-05,0.0003393079834657758
is_hit,roll_k_rate_30,batter_rolling,0.0,2.3750850185466632e-05,8.697705177346539e-05
is_hit,roll_bb_rate_30,batter_rolling,0.0,1.648295418019696e-05,0.00011490936065250289
is_hit,p_velo_overall,pitcher_profile,0.0,1.2747119784961569e-05,0.0001695386579350988
is_hit,roll_ba_30,batter_rolling,0.0,1.1660331597251883e-05,0.00011835643162774371
is_hit,bvp_hr_count,bvp_matchup,0.0,1.0415053466772406e-06,1.25724935952103e-05
is_hit,roll_barrel_30,batter_rolling,0.0,0.0,0.0
is_hit,roll_barrel_100,batter_rolling,0.0,0.0,0.0
is_hit,p_barrel_rate_allowed,pitcher_profile,0.0,0.0,0.0
is_hit,roll_barrel_10,batter_rolling,0.0,0.0,0.0
is_hit,vs_lhp,context,0.0,-1.562258019682794e-06,8.804398130950468e-06
is_hit,roll_hr_rate_30,batter_rolling,0.0,-2.5267825363894936e-05,3.7970236102030305e-05
is_hit,roll_bb_rate_10,batter_rolling,0.0,-3.013573078796128e-05,0.0001940530287469931
is_hit,bvp_k_rate,bvp_matchup,0.0,-3.196968585470472e-05,0.0001669746144437828
is_hit,bvp_ba,bvp_matchup,0.0,-6.258088647490557e-05,0.00013223210690704122
is_hit,day_of_week,context,0.0,-6.830916588091984e-05,0.00010674255889132778
is_hit,month,context,0.0,-7.075443930322222e-05,0.00013570480649613414
is_hit,p_extension,pitcher_profile,0.0,-7.344876835191361e-05,0.00014791490170690749
is_hit,p_pct_fastball,pitcher_profile,0.0,-7.659592581210628e-05,0.00020387196318458046
is_hit,bpt_ev_vs_lhp,batter_pitch_type,0.0,-9.162982907531258e-05,0.0001755321540264014
is_hit,p_pfx_z_fastball,pitcher_profile,0.0,-9.529773920873286e-05,0.00019416587666517708
is_hit,roll_ba_10,batter_rolling,0.0,-0.00011286748157652848,0.00014163425653375146
is_hit,p_pfx_z_breaking,pitcher_profile,0.0,-0.00011594671477501705,0.00024340891254036895
is_hit,roll_hr_rate_10,batter_rolling,0.0,-0.0001195240592262392,0.00011064534447133944
is_hit,roll_k_rate_10,batter_rolling,0.0,-0.00011999952905830113,0.00018370099527740538
is_hit,p_pfx_x_fastball,pitcher_profile,0.0,-0.0001290787387097536,0.00010498671692386702
is_hit,p_velo_breaking,pitcher_profile,0.0,-0.00016233898553743575,0.00028104185315964986
is_hit,bpt_ev_vs_breaking,batter_pitch_type,0.0,-0.0001669351939145969,0.000216348774232072
is_hit,cum_career_pa_vs_rhp,batter_career_splits,0.0,-0.00019313131752227708,0.00017232340429974103
is_hit,cum_career_ops_vs_rhp,batter_career_splits,0.0,-0.00019550866668289758,0.00033609520630537444
is_hit,p_arm_angle,pitcher_profile,0.0,-0.00022962928749248324,0.00024812821132243505
is_hit,roll_la_100,batter_rolling,0.0,-0.00023551605684253297,0.00024098897353001626
is_hit,p_spin_fastball,pitcher_profile,0.0,-0.00029888939303777116,0.0002515491926182267
is_hit,p_whiff_rate,pitcher_profile,0.0,-0.0003345269890260516,0.00036659530851699114
is_hit,bpt_ev_vs_offspeed,batter_pitch_type,0.0,-0.00034539487090308186,0.00018265942721521243
is_hit,p_spin_breaking,pitcher_profile,0.0,-0.0004323379259189686,0.00019003471809498439
is_hit,bvp_bb_rate,bvp_matchup,0.0,-0.0005191904152526128,0.00018182871382942773
is_hit,bpt_ba_vs_offspeed,batter_pitch_type,0.0,-0.0005314847066259176,0.0001511294115381582
is_hit,p_pct_offspeed,pitcher_profile,0.0,-0.0005923448451370828,0.00019034208270982657
is_hit,p_bb_rate,pitcher_profile,0.0,-0.0006561483683232616,0.0002995718775824547
is_hit,cum_career_ops_vs_lhp,batter_career_splits,0.0,-0.0009615584904873575,0.0004332182776864956
is_hit,cum_career_pa_vs_lhp,batter_career_splits,0.0,-0.0010561317042377504,0.00028975199440042353
is_hit,bpt_ba_vs_fastball,batter_pitch_type,0.0,-0.0010839580101269508,0.0005166691164008705
is_hit,p_k_rate,pitcher_profile,0.0,-0.0013703719804268211,0.00039905003083444944
is_hit,p_pct_in_zone,pitcher_profile,0.0,-0.0016047559662406342,0.0007070969896970714
is_hit,p_velo_fastball,pitcher_profile,0.0,-0.0017823099864060054,0.000372570333255467
is_hr,in_zone,context,0.0,0.12372824742268047,0.014539541181298079
is_hr,p_roll_hit_allowed_10,pitcher_rolling,0.0,0.03626048109965645,0.007957548008339466
is_hr,p_pfx_z_fastball,pitcher_profile,0.0,0.00620357388316164,0.002586747125046921
is_hr,pitch_count,context,0.0,0.004967010309278441,0.006971740096765958
is_hr,roll_ev_100,batter_rolling,0.0,0.004302955326460567,0.0006564879091542026
is_hr,p_extension,pitcher_profile,0.0,0.0034815120274914956,0.0014211006784598998
is_hr,roll_ev_30,batter_rolling,0.0,0.003420068728522474,0.0007074988198789666
is_hr,roll_la_100,batter_rolling,0.0,0.0029457044673540265,0.0027994395550903894
is_hr,roll_hr_rate_100,batter_rolling,0.0,0.0028815120274914953,0.002253565198936146
is_hr,roll_ev_10,batter_rolling,0.0,0.0021173883161512697,0.0015094831075624705
is_hr,roll_bb_rate_30,batter_rolling,0.0,0.002100893470790499,0.0005631362645915761
is_hr,p_pct_offspeed,pitcher_profile,0.0,0.002012508591065365,0.0005474738943562051
is_hr,roll_hr_rate_30,batter_rolling,0.0,0.0017649484536083726,0.0002856230379946075
is_hr,p_roll_bb_10,pitcher_rolling,0.0,0.0014773883161512736,0.0007552691866256518
is_hr,times_thru_order,context,0.0,0.0013578006872853043,0.0008193986800143201
is_hr,p_pfx_x_breaking,pitcher_profile,0.0,0.0013227491408935865,0.0007278684220809421
is_hr,roll_k_rate_100,batter_rolling,0.0,0.001177319587628922,0.001108786922149054
is_hr,p_roll_hit_allowed_30,pitcher_rolling,0.0,0.00116453608247431,0.0012209343419881374
is_hr,p_pct_fastball,pitcher_profile,0.0,0.0011529896907217728,0.0010718036751452492
is_hr,cum_career_hr_vs_lhp,batter_career_splits,0.0,0.0011037800687286436,0.0015310590461394945
is_hr,roll_bb_rate_100,batter_rolling,0.0,0.0011017182130585335,0.0013621329405671804
is_hr,p_velo_breaking,pitcher_profile,0.0,0.0010790378006873657,0.0008293603809501743
is_hr,bvp_ba,bvp_matchup,0.0,0.0010779381443299708,0.0009977279227234574
is_hr,month,context,0.0,0.0008982817869416682,0.0006123775363073672
is_hr,p_spin_fastball,pitcher_profile,0.0,0.0006914089347079821,0.0008120673227262509
is_hr,bvp_k_rate,bvp_matchup,0.0,0.0006420618556701507,0.0003943319916991045
is_hr,roll_ba_100,batter_rolling,0.0,0.0006030240549828924,0.0006386600443582225
is_hr,p_roll_k_30,pitcher_rolling,0.0,0.0005927147766323859,0.0009565157224648634
is_hr,roll_ba_10,batter_rolling,0.0,0.0005223367697595238,0.00042644660779198024
is_hr,cum_career_ops_vs_rhp,batter_career_splits,0.0,0.0004991065292097475,0.0004865877258330447
is_hr,roll_la_30,batter_rolling,0.0,0.00044962199312723603,0.0017326992035313605
is_hr,p_bb_rate,pitcher_profile,0.0,0.0004467353951890907,0.0004948192051124959
is_hr,bpt_ev_vs_fastball,batter_pitch_type,0.0,0.00043065292096227114,0.0009792962741046643
is_hr,p_k_rate,pitcher_profile,0.0,0.0004103092783505957,0.00036920895671268015
is_hr,roll_la_10,batter_rolling,0.0,0.00040027491408944904,0.0004760767939447623
is_hr,bvp_pa_count,bvp_matchup,0.0,0.0003624742268042658,0.00029486942283601556
is_hr,roll_ba_30,batter_rolling,0.0,0.00034103092783515087,0.0005858211216374957
is_hr,day_of_week,context,0.0,0.00021113402061860852,0.0004056800571079709
is_hr,bpt_ba_vs_fastball,batter_pitch_type,0.0,0.0001810309278351685,0.001261916056921929
is_hr,p_pct_in_zone,pitcher_profile,0.0,8.151202749149267e-05,0.0002453674087308197
is_hr,p_roll_k_10,pitcher_rolling,0.0,3.230240549838559e-05,0.001363731076739106
is_hr,p_velo_overall,pitcher_profile,0.0,2.9278350515582474e-05,0.0007969430143894731
is_hr,roll_barrel_30,batter_rolling,0.0,0.0,0.0
is_hr,roll_barrel_10,batter_rolling,0.0,0.0,0.0
is_hr,p_barrel_rate_allowed,pitcher_profile,0.0,0.0,0.0
is_hr,roll_barrel_100,batter_rolling,0.0,0.0,0.0
is_hr,roll_k_rate_30,batter_rolling,0.0,-1.0309278350417728e-05,0.0005235763912322947
is_hr,bvp_hr_count,bvp_matchup,0.0,-3.065292096215977e-05,4.066870570499486e-05
is_hr,roll_bb_rate_10,batter_rolling,0.0,-3.1065292096110755e-05,0.0001204498678455904
is_hr,bpt_ba_vs_breaking,batter_pitch_type,0.0,-5.168384879716825e-05,0.0017202761167694307
is_hr,vs_lhp,context,0.0,-7.518900343634893e-05,6.54959379076406e-05
is_hr,p_velo_fastball,pitcher_profile,0.0,-9.044673539508885e-05,0.0009170873606692525
is_hr,bpt_ev_vs_offspeed,batter_pitch_type,0.0,-0.0002498969072163737,0.0005839798440738821
is_hr,p_roll_bb_30,pitcher_rolling,0.0,-0.0002508591065290888,0.0009940059608307286
is_hr,p_pfx_x_fastball,pitcher_profile,0.0,-0.0002548453608246515,0.0008116905877725582
is_hr,p_whiff_rate,pitcher_profile,0.0,-0.0002560824742267265,0.000809943471434785
is_hr,cum_career_ba_vs_lhp,batter_career_splits,0.0,-0.0002861855670102553,0.001121904037552773
is_hr,roll_k_rate_10,batter_rolling,0.0,-0.0003316838487971596,0.0002542467121334959
is_hr,p_pct_breaking,pitcher_profile,0.0,-0.000351752577319564,0.000528516420185113
is_hr,p_spin_breaking,pitcher_profile,0.0,-0.0005153264604810026,0.002170577981576665
is_hr,bpt_whiff_vs_fastball,batter_pitch_type,0.0,-0.0006184192439861791,0.0012259276971831998
is_hr,p_pfx_z_breaking,pitcher_profile,0.0,-0.0006560824742267047,0.0005723673377640384
is_hr,pitcher_age,context,0.0,-0.0006630927835050704,0.0006093356836089708
is_hr,bpt_ev_vs_lhp,batter_pitch_type,0.0,-0.0006648797250858429,0.0011165936691754415
is_hr,cum_career_hr_vs_rhp,batter_career_splits,0.0,-0.0006864604810995712,0.0007810315326264607
is_hr,bvp_bb_rate,bvp_matchup,0.0,-0.0008228178694157818,0.0008714578683237515
is_hr,roll_hr_rate_10,batter_rolling,0.0,-0.0008826116838487108,0.0006461660198024069
is_hr,bpt_whiff_vs_offspeed,batter_pitch_type,0.0,-0.0009492783505153479,0.001387664533547579
is_hr,pitcher_rest_days,context,0.0,-0.0011090034364260814,0.0010326198806228908
is_hr,cum_career_ba_vs_rhp,batter_career_splits,0.0,-0.0011480412371133396,0.000936558870756422
is_hr,bpt_whiff_vs_breaking,batter_pitch_type,0.0,-0.0011914776632301783,0.0011118076573451386
is_hr,cum_career_pa_vs_rhp,batter_career_splits,0.0,-0.0012100343642610588,0.0003691709825666509
is_hr,p_arm_angle,pitcher_profile,0.0,-0.0013461168384878875,0.0012753946241975678
is_hr,bpt_ba_vs_offspeed,batter_pitch_type,0.0,-0.001387628865979229,0.0008281084797202311
is_hr,bpt_ev_vs_rhp,batter_pitch_type,0.0,-0.0014486597938143443,0.002992828543344858
is_hr,bpt_ev_vs_breaking,batter_pitch_type,0.0,-0.0015835051546390533,0.0008237288160468099
is_hr,cum_career_pa_vs_lhp,batter_career_splits,0.0,-0.0018217182130583654,0.0010713210706678308
is_hr,cum_career_ops_vs_lhp,batter_career_splits,0.0,-0.0023862542955325862,0.0013829710995698064
is_strikeout,pitch_count,context,0.0,0.22480567467588147,0.004361303479011663
is_strikeout,p_roll_k_10,pitcher_rolling,0.0,0.10305544811984377,0.005625721642806644
is_strikeout,in_zone,context,0.0,0.03115147870749675,0.001172345915269533
is_strikeout,p_roll_bb_10,pitcher_rolling,0.0,0.003240857064078506,0.0004256017091251761
is_strikeout,times_thru_order,context,0.0,0.0026419304174184477,0.00038910092584783007
is_strikeout,p_roll_k_30,pitcher_rolling,0.0,0.001934642700190503,0.00039778959476498494
is_strikeout,p_roll_hit_allowed_10,pitcher_rolling,0.0,0.0016676218250395668,0.00020307004425733485
is_strikeout,roll_k_rate_100,batter_rolling,0.0,0.0015737528125415955,0.0005153940055555933
is_strikeout,p_roll_bb_30,pitcher_rolling,0.0,0.0014604512676317238,0.00014252572162199703
is_strikeout,bpt_whiff_vs_fastball,batter_pitch_type,0.0,0.0014012832058691639,0.0005310560329262825
is_strikeout,bpt_whiff_vs_breaking,batter_pitch_type,0.0,0.0008064265690242101,0.00034410955789284
is_strikeout,bpt_ev_vs_fastball,batter_pitch_type,0.0,0.0007247440599031263,0.0002224178858694608
is_strikeout,bpt_ba_vs_breaking,batter_pitch_type,0.0,0.0005942214330011186,0.00017347358641372565
is_strikeout,p_roll_hit_allowed_30,pitcher_rolling,0.0,0.0005865519347368897,0.000206245952210362
is_strikeout,roll_bb_rate_100,batter_rolling,0.0,0.000569330852744776,0.00012950687120881165
is_strikeout,bpt_ev_vs_rhp,batter_pitch_type,0.0,0.0005490278558059946,0.00012149508571757655
is_strikeout,p_bb_rate,pitcher_profile,0.0,0.0005096922696163908,0.00013585183086810043
is_strikeout,bpt_ba_vs_fastball,batter_pitch_type,0.0,0.0004970822970100652,0.0002493401710635629
is_strikeout,cum_career_hr_vs_rhp,batter_career_splits,0.0,0.00040897717124446233,0.00012355279608685968
is_strikeout,roll_la_30,batter_rolling,0.0,0.00036020763166839665,0.0001708537103149197
is_strikeout,roll_ba_30,batter_rolling,0.0,0.00036018410560012537,9.2935622868188e-05
is_strikeout,p_arm_angle,pitcher_profile,0.0,0.00034411580095452534,0.00020873746679189807
is_strikeout,roll_k_rate_30,batter_rolling,0.0,0.0003122615044827581,0.00025897245073343235
is_strikeout,roll_la_10,batter_rolling,0.0,0.0002661504106240997,0.00011179008893674375
is_strikeout,cum_career_ba_vs_rhp,batter_career_splits,0.0,0.00025172893075915416,0.00018294801620349376
is_strikeout,roll_la_100,batter_rolling,0.0,0.00023695455986969539,0.00018192682296832145
is_strikeout,p_pfx_x_breaking,pitcher_profile,0.0,0.00023455490090356078,7.761502730092158e-05
is_strikeout,roll_ev_10,batter_rolling,0.0,0.0002341079056059625,0.0002447994226383272
is_strikeout,roll_ba_100,batter_rolling,0.0,0.00022794407571264942,9.256123409503732e-05
is_strikeout,roll_k_rate_10,batter_rolling,0.0,0.00021898064369212377,0.00014532013728050513
is_strikeout,cum_career_ops_vs_rhp,batter_career_splits,0.0,0.0002126756573890276,0.00027155247002906715
is_strikeout,cum_career_ops_vs_lhp,batter_career_splits,0.0,0.00020924085141786896,8.224793555777008e-05
is_strikeout,bpt_ev_vs_lhp,batter_pitch_type,0.0,0.00019032589250858045,0.0002733248955430032
is_strikeout,cum_career_ba_vs_lhp,batter_career_splits,0.0,0.00016343559644707017,0.0003146128332351846
is_strikeout,p_pct_in_zone,pitcher_profile,0.0,0.00016270628832997235,0.0002569430048130669
is_strikeout,p_pct_breaking,pitcher_profile,0.0,0.00016204755841766615,0.00019216511946695537
is_strikeout,bpt_ba_vs_offspeed,batter_pitch_type,0.0,0.00015934206056367195,0.0002228351833030122
is_strikeout,bvp_bb_rate,bvp_matchup,0.0,0.00013391038073655713,0.00012867767095482274
is_strikeout,bvp_k_rate,bvp_matchup,0.0,0.0001294404277605077,0.00018039260223347146
is_strikeout,roll_hr_rate_100,batter_rolling,0.0,0.00012167682522308265,0.00010084746573570592
is_strikeout,roll_ev_100,batter_rolling,0.0,0.00010909037868511717,0.00014384559619098927
is_strikeout,pitcher_rest_days,context,0.0,8.236476510168345e-05,0.00014895693956942278
is_strikeout,p_pfx_z_breaking,pitcher_profile,0.0,8.09061488674212e-05,0.0001978693033408377
is_strikeout,roll_ba_10,batter_rolling,0.0,6.060315192868426e-05,5.173180746894436e-05
is_strikeout,bpt_ev_vs_offspeed,batter_pitch_type,0.0,4.733444941005249e-05,0.0001245673570075958
is_strikeout,roll_bb_rate_10,batter_rolling,0.0,4.726387120523867e-05,5.082651201445299e-05
is_strikeout,p_pct_offspeed,pitcher_profile,0.0,4.618167206364987e-05,0.00023718599596051808
is_strikeout,month,context,0.0,4.3452648141428796e-05,0.0001308206284679304
is_strikeout,cum_career_hr_vs_lhp,batter_career_splits,0.0,3.7124135769972534e-05,0.0002289195199228839
is_strikeout,bvp_ba,bvp_matchup,0.0,1.8773802499705283e-05,0.00010951038844100493
is_strikeout,vs_lhp,context,0.0,8.892853815667401e-06,1.8747870537202686e-05
is_strikeout,day_of_week,context,0.0,6.799033737392435e-06,0.00011787000206214838
is_strikeout,roll_hr_rate_10,batter_rolling,0.0,5.340417503041373e-06,6.384489485832872e-05
is_strikeout,roll_barrel_100,batter_rolling,0.0,0.0,0.0
is_strikeout,p_barrel_rate_allowed,pitcher_profile,0.0,0.0,0.0
is_strikeout,bvp_hr_count,bvp_matchup,0.0,0.0,0.0
is_strikeout,roll_barrel_30,batter_rolling,0.0,0.0,0.0
is_strikeout,roll_barrel_10,batter_rolling,0.0,0.0,0.0
is_strikeout,p_velo_overall,pitcher_profile,0.0,-1.159835166946177e-05,7.654001589339265e-05
is_strikeout,p_pfx_x_fastball,pitcher_profile,0.0,-1.2421764059777907e-05,0.00020927663739563662
is_strikeout,roll_hr_rate_30,batter_rolling,0.0,-1.6115356782209212e-05,4.38025446068105e-05
is_strikeout,p_extension,pitcher_profile,0.0,-2.0820570441149043e-05,0.00011307936329867813
is_strikeout,p_pfx_z_fastball,pitcher_profile,0.0,-8.619951423367578e-05,7.896851353326354e-05
is_strikeout,bpt_whiff_vs_offspeed,batter_pitch_type,0.0,-8.659945739468711e-05,0.00029110407616228246
is_strikeout,bvp_pa_count,bvp_matchup,0.0,-0.00011311333636343512,8.186996050308692e-05
is_strikeout,p_spin_breaking,pitcher_profile,0.0,-0.00012962863630663345,0.00013007935257609024
is_strikeout,cum_career_pa_vs_rhp,batter_career_splits,0.0,-0.00013903906362475738,0.00019214229820842246
is_strikeout,p_pct_fastball,pitcher_profile,0.0,-0.000156660088777949,0.00015226927431782818
is_strikeout,pitcher_age,context,0.0,-0.00016247102764681552,0.0001464720882445197
is_strikeout,roll_bb_rate_30,batter_rolling,0.0,-0.0001846090579125992,0.0001722913521634952
is_strikeout,cum_career_pa_vs_lhp,batter_career_splits,0.0,-0.00020510026339777277,0.00018278340418748445
is_strikeout,p_k_rate,pitcher_profile,0.0,-0.0002630449696089165,0.0004331423234871595
is_strikeout,roll_ev_30,batter_rolling,0.0,-0.0002637978037943967,0.00021782439165558647
is_strikeout,p_spin_fastball,pitcher_profile,0.0,-0.0004378907091791229,0.0001381290902442463
is_strikeout,bpt_ev_vs_breaking,batter_pitch_type,0.0,-0.0004971293491465633,0.00025976698408866183
is_strikeout,p_whiff_rate,pitcher_profile,0.0,-0.0005229609721347118,0.00033831182658072834
is_strikeout,p_velo_fastball,pitcher_profile,0.0,-0.0005817290907362161,0.0003041850178918041
is_strikeout,p_velo_breaking,pitcher_profile,0.0,-0.0005900808449810002,0.0002497921400900011
is_walk,pitch_count,context,0.0,0.31116826329479635,0.018971031322141722
is_walk,in_zone,context,0.0,0.12811328929253302,0.004810999121125765
is_walk,p_roll_bb_10,pitcher_rolling,0.0,0.020744073714387756,0.0006490979168677169
is_walk,p_roll_k_10,pitcher_rolling,0.0,0.0016962377704358822,0.0004370628820032723
is_walk,roll_bb_rate_100,batter_rolling,0.0,0.0015692991916816724,0.0005352036610425398
is_walk,p_roll_bb_30,pitcher_rolling,0.0,0.0010226119849322535,0.0004204460864229159
is_walk,p_roll_hit_allowed_10,pitcher_rolling,0.0,0.0009196404509492328,0.00013399351368072844
is_walk,p_velo_fastball,pitcher_profile,0.0,0.00041443466784234494,0.00015919479764823724
is_walk,roll_ev_30,batter_rolling,0.0,0.0004048912292003992,0.00013914417465625054
is_walk,roll_ev_100,batter_rolling,0.0,0.00035760782865623675,0.0001790740803812875
is_walk,roll_la_100,batter_rolling,0.0,0.0003206812280020399,6.412084389144108e-05
is_walk,p_roll_k_30,pitcher_rolling,0.0,0.00028868901891829777,9.9158992494646e-05
is_walk,bpt_whiff_vs_breaking,batter_pitch_type,0.0,0.000277464633697444,0.000150644477043633
is_walk,cum_career_ops_vs_rhp,batter_career_splits,0.0,0.0002412971702077771,0.00020486508792203056
is_walk,bpt_ev_vs_offspeed,batter_pitch_type,0.0,0.0002316452833995175,0.0002136445117432671
is_walk,roll_k_rate_30,batter_rolling,0.0,0.00020545505121736252,0.00010015621185698329
is_walk,roll_bb_rate_30,batter_rolling,0.0,0.00019005541159060612,0.00014060128066761758
is_walk,bvp_k_rate,bvp_matchup,0.0,0.0001820302472781643,0.00024842055797224475
is_walk,bvp_ba,bvp_matchup,0.0,0.000179644387617639,0.00021820882749963187
is_walk,p_velo_overall,pitcher_profile,0.0,0.00017660783895887545,0.00011295302139729125
is_walk,cum_career_hr_vs_lhp,batter_career_splits,0.0,0.0001736797384664257,0.00017216369286045648
is_walk,p_spin_fastball,pitcher_profile,0.0,0.00016283492182791459,0.00010902096805033099
is_walk,roll_k_rate_100,batter_rolling,0.0,0.00016034061400100886,8.410268924784625e-05
is_walk,roll_la_10,batter_rolling,0.0,0.0001599610454186884,0.0001294017727108347
is_walk,p_arm_angle,pitcher_profile,0.0,0.00015708716900946217,0.00011898518467816356
is_walk,p_pfx_x_fastball,pitcher_profile,0.0,0.00013458417448448668,0.000245888048251948
is_walk,roll_hr_rate_10,batter_rolling,0.0,0.00011441281553679073,1.7084458915524157e-05
is_walk,p_pfx_x_breaking,pitcher_profile,0.0,0.00010877351088474096,0.00020551903254248938
is_walk,bpt_whiff_vs_offspeed,batter_pitch_type,0.0,9.169292467903212e-05,0.00022592589036523513
is_walk,cum_career_ba_vs_lhp,batter_career_splits,0.0,8.724654985716728e-05,0.00020764662202374298
is_walk,roll_ba_30,batter_rolling,0.0,6.23576956717109e-05,8.576220602391868e-05
is_walk,p_pct_offspeed,pitcher_profile,0.0,5.5417013023051355e-05,0.0002279050924317491
is_walk,month,context,0.0,4.744607279369983e-05,0.00013969906628113468
is_walk,roll_hr_rate_30,batter_rolling,0.0,3.8932891732468275e-05,4.42378800795814e-05
is_walk,cum_career_hr_vs_rhp,batter_career_splits,0.0,3.752306556947804e-05,8.432718404593367e-05
is_walk,p_pfx_z_fastball,pitcher_profile,0.0,3.448651691060345e-05,0.0001467792347960823
is_walk,p_pct_breaking,pitcher_profile,0.0,2.960634942328344e-05,0.00016133759759473154
is_walk,p_velo_breaking,pitcher_profile,0.0,2.1526961027551474e-05,9.512357063884748e-05
is_walk,bpt_ev_vs_fastball,batter_pitch_type,0.0,1.7568602954520783e-05,9.244966068737639e-05
is_walk,pitcher_rest_days,context,0.0,1.5453863709957717e-05,0.000154530645975234
is_walk,roll_k_rate_10,batter_rolling,0.0,7.211803064688382e-06,5.606691539951254e-05
is_walk,bvp_bb_rate,bvp_matchup,0.0,4.12103032270128e-06,0.00013516100811647466
is_walk,bpt_ba_vs_offspeed,batter_pitch_type,0.0,1.6809465790412759e-06,0.00026053672674509126
is_walk,vs_lhp,context,0.0,1.3556020799221358e-06,1.1128494078901633e-05
is_walk,bvp_pa_count,bvp_matchup,0.0,8.133612479088725e-07,8.885323795181976e-05
is_walk,roll_barrel_30,batter_rolling,0.0,0.0,0.0
is_walk,roll_barrel_100,batter_rolling,0.0,0.0,0.0
is_walk,roll_barrel_10,batter_rolling,0.0,0.0,0.0
is_walk,p_barrel_rate_allowed,pitcher_profile,0.0,0.0,0.0
is_walk,bpt_ev_vs_breaking,batter_pitch_type,0.0,-2.7654282427791445e-06,0.00015161701388053943
is_walk,day_of_week,context,0.0,-8.567405144388474e-06,3.9028384218175396e-05
is_walk,roll_bb_rate_10,batter_rolling,0.0,-9.923007224243996e-06,0.00018256046565355506
is_walk,bvp_hr_count,bvp_matchup,0.0,-1.0465248056168441e-05,1.694014512687381e-06
is_walk,bpt_ba_vs_fastball,batter_pitch_type,0.0,-1.1387057470413353e-05,7.029352990094646e-05
is_walk,cum_career_pa_vs_rhp,batter_career_splits,0.0,-1.2796883633425793e-05,0.00011077310005616548
is_walk,roll_ba_100,batter_rolling,0.0,-1.605032862499467e-05,0.00013395591964491691
is_walk,cum_career_ba_vs_rhp,batter_career_splits,0.0,-1.870730870145998e-05,0.00016878442483197765
is_walk,p_extension,pitcher_profile,0.0,-2.8847212258509282e-05,0.00022450280544819153
is_walk,p_k_rate,pitcher_profile,0.0,-3.4106948328194166e-05,0.0001638089180953561
is_walk,cum_career_ops_vs_lhp,batter_career_splits,0.0,-3.9908925229803496e-05,0.00011888775846547683
is_walk,p_pct_in_zone,pitcher_profile,0.0,-4.196944039116524e-05,2.962957920273822e-05
is_walk,times_thru_order,context,0.0,-4.27828016390297e-05,6.080799998939062e-05
is_walk,bpt_whiff_vs_fastball,batter_pitch_type,0.0,-4.484331680032483e-05,0.0001442227696644172
is_walk,bpt_ev_vs_rhp,batter_pitch_type,0.0,-4.836788220790034e-05,0.00019160757872935277
is_walk,bpt_ev_vs_lhp,batter_pitch_type,0.0,-6.306260875306169e-05,0.00011087394412421129
is_walk,p_whiff_rate,pitcher_profile,0.0,-7.11962212320616e-05,0.0002552073973085824
is_walk,cum_career_pa_vs_lhp,batter_career_splits,0.0,-7.829957613023631e-05,9.815164191983181e-05
is_walk,roll_ba_10,batter_rolling,0.0,-8.079388395716424e-05,0.0001170239385245339
is_walk,p_roll_hit_allowed_30,pitcher_rolling,0.0,-9.34823194242318e-05,0.00021931053622576663
is_walk,roll_ev_10,batter_rolling,0.0,-0.0001031884303157815,0.00013279029604690645
is_walk,bpt_ba_vs_breaking,batter_pitch_type,0.0,-0.00014342270004479295,0.00019580015360529742
is_walk,p_pct_fastball,pitcher_profile,0.0,-0.00015524355018086132,0.00013337709274028004
is_walk,p_bb_rate,pitcher_profile,0.0,-0.00016527500557144136,0.00023900845356143252
is_walk,p_spin_breaking,pitcher_profile,0.0,-0.00019189903041914036,4.12272091110804e-05
is_walk,p_pfx_z_breaking,pitcher_profile,0.0,-0.000267541626472978,7.793557136195619e-05
is_walk,roll_la_30,batter_rolling,0.0,-0.00029665995914749386,4.323989009424422e-05
is_walk,roll_hr_rate_100,batter_rolling,0.0,-0.00033228518180521415,5.029166058718526e-05
is_walk,pitcher_age,context,0.0,-0.00044116714085626894,0.00015520628203877018
is_xbh,in_zone,context,0.0,0.08875227842333103,0.014103249637943923
is_xbh,p_roll_hit_allowed_10,pitcher_rolling,0.0,0.08793500797448166,0.006254000420942934
is_xbh,pitch_count,context,0.0,0.015888471177944875,0.004635598878370321
is_xbh,times_thru_order,context,0.0,0.005702380952380936,0.001436621416026083
is_xbh,p_pfx_z_fastball,pitcher_profile,0.0,0.004193096377306871,0.001078908380600082
is_xbh,bvp_k_rate,bvp_matchup,0.0,0.0022129756208703276,0.0012130019797324742
is_xbh,roll_ev_30,batter_rolling,0.0,0.0019811460469355115,0.00047737394920700153
is_xbh,roll_ev_100,batter_rolling,0.0,0.001918261562998369,0.001382704057844625
is_xbh,cum_career_ops_vs_rhp,batter_career_splits,0.0,0.0015557074504442881,0.000897388393949611
is_xbh,p_roll_hit_allowed_30,pitcher_rolling,0.0,0.0011421166552745721,0.0010582657299175922
is_xbh,p_roll_k_10,pitcher_rolling,0.0,0.0011121553884711588,0.0008433391870590556
is_xbh,p_roll_bb_10,pitcher_rolling,0.0,0.0008745158350421445,0.0008469754806552874
is_xbh,day_of_week,context,0.0,0.0006324903167008288,0.00027669504918981534
is_xbh,cum_career_hr_vs_rhp,batter_career_splits,0.0,0.0005959785828206554,0.0004222547088462559
is_xbh,p_pct_fastball,pitcher_profile,0.0,0.0005830485304168853,0.0001584336276653865
is_xbh,cum_career_pa_vs_lhp,batter_career_splits,0.0,0.000561289587605307,0.00038314968951775805
is_xbh,p_roll_k_30,pitcher_rolling,0.0,0.0005504670767828123,0.0006399741790108887
is_xbh,bpt_ev_vs_rhp,batter_pitch_type,0.0,0.0004997721576668779,0.0007428783111236028
is_xbh,bpt_ba_vs_fastball,batter_pitch_type,0.0,0.00043364092048294724,0.00029209454861370526
is_xbh,roll_k_rate_100,batter_rolling,0.0,0.0004225336067441354,0.00040944670646143004
is_xbh,p_pfx_x_fastball,pitcher_profile,0.0,0.00039485076327177014,0.00035671888052005857
is_xbh,p_velo_overall,pitcher_profile,0.0,0.0003904647983594467,0.00033921966623724114
is_xbh,cum_career_pa_vs_rhp,batter_career_splits,0.0,0.00036392116655270534,0.00044909384813479223
is_xbh,roll_ba_30,batter_rolling,0.0,0.0003320802005011947,0.000138800097255459
is_xbh,vs_lhp,context,0.0,0.0002951697425381816,0.0002865667980354478
is_xbh,roll_ba_10,batter_rolling,0.0,0.0002492025518341601,0.0005082080251255814
is_xbh,p_k_rate,pitcher_profile,0.0,0.0002291524265208622,0.0004223631129252779
is_xbh,bpt_whiff_vs_offspeed,batter_pitch_type,0.0,0.00021810207336518949,0.0007765022775645302
is_xbh,bvp_bb_rate,bvp_matchup,0.0,0.00018728639781269153,0.0007013690934965331
is_xbh,roll_k_rate_10,batter_rolling,0.0,0.00017555251765777324,0.00036689008102432915
is_xbh,p_extension,pitcher_profile,0.0,0.00017486899065843886,0.00046497479216994916
is_xbh,pitcher_rest_days,context,0.0,0.00017213488266116795,0.0003374428123949507
is_xbh,p_roll_bb_30,pitcher_rolling,0.0,0.0001674071542492328,0.0003755563956433923
is_xbh,bpt_ev_vs_lhp,batter_pitch_type,0.0,7.689678742310857e-05,0.00019966167308614318
is_xbh,bvp_hr_count,bvp_matchup,0.0,4.511278195487023e-05,5.588527038729438e-06
is_xbh,cum_career_ops_vs_lhp,batter_career_splits,0.0,8.430166324857603e-06,0.0002790451594356788
is_xbh,cum_career_ba_vs_lhp,batter_career_splits,0.0,4.499886078845883e-06,0.00027967016450918604
is_xbh,pitcher_age,context,0.0,2.7341079972487138e-06,0.00025822354040333463
is_xbh,roll_barrel_100,batter_rolling,0.0,0.0,0.0
is_xbh,roll_barrel_30,batter_rolling,0.0,0.0,0.0
is_xbh,p_barrel_rate_allowed,pitcher_profile,0.0,0.0,0.0
is_xbh,roll_barrel_10,batter_rolling,0.0,0.0,0.0
is_xbh,bvp_pa_count,bvp_matchup,0.0,-1.5948963318024313e-06,0.00026822765881075693
is_xbh,p_pfx_x_breaking,pitcher_profile,0.0,-1.076555023926673e-05,0.0003856574498105578
is_xbh,roll_bb_rate_30,batter_rolling,0.0,-4.015721120984583e-05,0.0003533714952526543
is_xbh,bvp_ba,bvp_matchup,0.0,-4.516974253818695e-05,0.0001713052585914966
is_xbh,roll_hr_rate_10,batter_rolling,0.0,-8.481430849851534e-05,0.0002739871791666225
is_xbh,roll_la_10,batter_rolling,0.0,-0.00011802232854862815,0.0002665131822485055
is_xbh,p_bb_rate,pitcher_profile,0.0,-0.00012138300296196113,0.0006513786867965442
is_xbh,cum_career_ba_vs_rhp,batter_career_splits,0.0,-0.00012491455912506667,0.0008261600110670627
is_xbh,roll_bb_rate_10,batter_rolling,0.0,-0.00017879927090451718,0.00011750892400637002
is_xbh,roll_hr_rate_30,batter_rolling,0.0,-0.00018962178172705625,0.0005385092946465424
is_xbh,bpt_whiff_vs_breaking,batter_pitch_type,0.0,-0.00019338118022331762,0.0008674722635402852
is_xbh,bpt_whiff_vs_fastball,batter_pitch_type,0.0,-0.00024270904534064996,0.00041140671554262354
is_xbh,bpt_ba_vs_offspeed,batter_pitch_type,0.0,-0.0002799612668033857,0.00029706792745980517
is_xbh,month,context,0.0,-0.0002859990886306729,0.0005873885544606496
is_xbh,p_velo_breaking,pitcher_profile,0.0,-0.0003028594212804769,0.0010614188996948017
is_xbh,p_whiff_rate,pitcher_profile,0.0,-0.00030365686944635597,0.00035980469782153534
is_xbh,roll_la_30,batter_rolling,0.0,-0.0003587947140579084,0.0004836771093725785
is_xbh,p_spin_fastball,pitcher_profile,0.0,-0.000381465026201866,0.00029300208449231646
is_xbh,roll_bb_rate_100,batter_rolling,0.0,-0.0003999202551834724,0.00019790908551495064
is_xbh,p_pct_in_zone,pitcher_profile,0.0,-0.00043403964456596446,0.0005143792665378396
is_xbh,roll_ba_100,batter_rolling,0.0,-0.00044628616997042234,0.00013168050021509337
is_xbh,cum_career_hr_vs_lhp,batter_career_splits,0.0,-0.00045488721804511913,0.0003152468236499991
is_xbh,p_pfx_z_breaking,pitcher_profile,0.0,-0.0005105377079061668,8.424633944825518e-05
is_xbh,p_pct_offspeed,pitcher_profile,0.0,-0.000548188653451831,0.0002337275628812017
is_xbh,p_spin_breaking,pitcher_profile,0.0,-0.0005721690590112071,0.0004651065146580987
is_xbh,p_pct_breaking,pitcher_profile,0.0,-0.0006786283891547562,0.0004038174101661644
is_xbh,p_velo_fastball,pitcher_profile,0.0,-0.0006814764183184829,0.00022437188046962785
is_xbh,bpt_ev_vs_fastball,batter_pitch_type,0.0,-0.0008053087263613535,0.0002552761224724522
is_xbh,bpt_ba_vs_breaking,batter_pitch_type,0.0,-0.0008549213943950917,0.00033821961683912254
is_xbh,bpt_ev_vs_breaking,batter_pitch_type,0.0,-0.0010612326270220906,0.0016056925887507998
is_xbh,p_arm_angle,pitcher_profile,0.0,-0.001081795397584928,0.0007683463645333767
is_xbh,roll_k_rate_30,batter_rolling,0.0,-0.0012527341079972888,0.0005243166647998983
is_xbh,roll_ev_10,batter_rolling,0.0,-0.001319890635680121,0.0010686031410461214
is_xbh,roll_la_100,batter_rolling,0.0,-0.0013492822966507446,0.0011425208913838456
is_xbh,roll_hr_rate_100,batter_rolling,0.0,-0.00179619503303714,0.0008390331503550231
is_xbh,bpt_ev_vs_offspeed,batter_pitch_type,0.0,-0.0026386420596946846,0.0004583141198388014
